pmid,titre,revue,date,url,sujet
38748979,"Teratogenesis, Perinatal, and Neurodevelopmental Outcomes After In Utero Exposure to Antiseizure Medication: Practice Guideline From the AAN, AES, and SMFM.",Neurology,2024 Jun,https://pubmed.ncbi.nlm.nih.gov/38748979/,sport_grossesse_cerveau_bebe
31043758,Maternal and fetal genetic effects on birth weight and their relevance to cardio-metabolic risk factors.,Nature genetics,2019 May,https://pubmed.ncbi.nlm.nih.gov/31043758/,sport_grossesse_cerveau_bebe
33540766,"Creatine Metabolism in Female Reproduction, Pregnancy and Newborn Health.",Nutrients,2021 Feb 2,https://pubmed.ncbi.nlm.nih.gov/33540766/,sport_grossesse_cerveau_bebe
26805461,Fetal and maternal cardiac responses to physical activity and exercise during pregnancy.,Early human development,2016 Mar,https://pubmed.ncbi.nlm.nih.gov/26805461/,sport_grossesse_cerveau_bebe
40947085,Impact of exercise training during pregnancy on maternal biomarkers: a systematic review.,American journal of obstetrics and gynecology,2026 Jan,https://pubmed.ncbi.nlm.nih.gov/40947085/,sport_grossesse_cerveau_bebe
29587861,Pretreatment with coenzyme Q10 improves ovarian response and embryo quality in low-prognosis young women with decreased ovarian reserve: a randomized controlled trial.,Reproductive biology and endocrinology : RB&E,2018 Mar 27,https://pubmed.ncbi.nlm.nih.gov/29587861/,coq10_reserve_ovarienne
39129455,Clinical evidence of coenzyme Q10 pretreatment for women with diminished ovarian reserve undergoing IVF/ICSI: a systematic review and meta-analysis.,Annals of medicine,2024 Dec,https://pubmed.ncbi.nlm.nih.gov/39129455/,coq10_reserve_ovarienne
39019217,Antioxidants and Fertility in Women with Ovarian Aging: A Systematic Review and Meta-Analysis.,"Advances in nutrition (Bethesda, Md.)",2024 Aug,https://pubmed.ncbi.nlm.nih.gov/39019217/,coq10_reserve_ovarienne
41800295,Coenzyme Q10 Impact on Ovarian Reserve Measures and the Intra-Cytoplasmic Sperm Injection (ICSI) Outcomes in Women with Poor Ovarian Response: A Randomized Controlled Study.,"Drug design, development and therapy",2026,https://pubmed.ncbi.nlm.nih.gov/41800295/,coq10_reserve_ovarienne
39648702,"The effect of coenzyme Q10 pretreatment on ovarian reserve in women undergoing hysterectomy with bilateral salpingectomy: a randomised, double-blind, placebo-controlled trial.",The British journal of nutrition,2025 Jan 28,https://pubmed.ncbi.nlm.nih.gov/39648702/,coq10_reserve_ovarienne
41090426,"Endometrial Steroid Receptor Dysregulation and Its Association with Vitamin D, AMH, and Inflammation in Recurrent Implantation Failure: A Case-Control Study.",International journal of fertility & sterility,2025 Sep 30,https://pubmed.ncbi.nlm.nih.gov/41090426/,vitamine_d_implantation
37693363,The role of serum vitamin D in patients with normal ovarian reserve undergoing the first IVF/ICSI cycle.,Frontiers in endocrinology,2023,https://pubmed.ncbi.nlm.nih.gov/37693363/,vitamine_d_implantation
36248036,Induction of Endometrial HOXA 10 Gene Expression by Vitamin D and its Possible Influence on Reproductive Outcome of PCOS Patients Undergoing Ovulation Induction Procedure.,Indian journal of endocrinology and metabolism,2022 May-Jun,https://pubmed.ncbi.nlm.nih.gov/36248036/,vitamine_d_implantation
28904494,Vitamin D Deficiency Does Not Influence Reproductive Outcomes of IVF-ICSI: A Study of Oocyte Donors and Recipients.,Journal of human reproductive sciences,2017 Apr-Jun,https://pubmed.ncbi.nlm.nih.gov/28904494/,vitamine_d_implantation
39829955,The association between Vitamin D deficiency and clinical pregnancy rate in IVF patients with different age.,Frontiers in endocrinology,2024,https://pubmed.ncbi.nlm.nih.gov/39829955/,vitamine_d_implantation
40473092,Preconception and first-trimester metformin on pregnancy outcomes in women with polycystic ovary syndrome: a systematic review and meta-analysis.,American journal of obstetrics and gynecology,2025 Dec,https://pubmed.ncbi.nlm.nih.gov/40473092/,preconception_sante
40185642,Associations Between Modifiable Preconception Care Indicators and Pregnancy Outcomes.,Journal of the American Board of Family Medicine : JABFM,2025 May 12,https://pubmed.ncbi.nlm.nih.gov/40185642/,preconception_sante
20100361,Preconception care.,Obstetrical & gynecological survey,2010 Feb,https://pubmed.ncbi.nlm.nih.gov/20100361/,preconception_sante
33914901,Preconception lifestyle advice for people with infertility.,The Cochrane database of systematic reviews,2021 Apr 29,https://pubmed.ncbi.nlm.nih.gov/33914901/,preconception_sante
26888948,"The EULAR points to consider for use of antirheumatic drugs before pregnancy, and during pregnancy and lactation.",Annals of the rheumatic diseases,2016 May,https://pubmed.ncbi.nlm.nih.gov/26888948/,preconception_sante
40049187,"Atosiban versus placebo for threatened preterm birth (APOSTEL 8): a multicentre, randomised controlled trial.","Lancet (London, England)",2025 Mar 22,https://pubmed.ncbi.nlm.nih.gov/40049187/,perinatalite
39394444,Maternal adiposity and perinatal and offspring outcomes: an umbrella review.,Nature human behaviour,2024 Dec,https://pubmed.ncbi.nlm.nih.gov/39394444/,perinatalite
34434079,Resilience and Stress during Pregnancy: A Comprehensive Multidimensional Approach in Maternal and Perinatal Health.,TheScientificWorldJournal,2021,https://pubmed.ncbi.nlm.nih.gov/34434079/,perinatalite
38785109,"Climate change, air pollution and maternal and newborn health: An overview of reviews of health outcomes.",Journal of global health,2024 May 24,https://pubmed.ncbi.nlm.nih.gov/38785109/,perinatalite
34060788,Out-of-Hospital Birth.,American family physician,2021 Jun 1,https://pubmed.ncbi.nlm.nih.gov/34060788/,perinatalite
20089454,Effect of N-acetyl-cysteine after ovarian drilling in clomiphene citrate-resistant PCOS women: a pilot study.,Reproductive biomedicine online,2010 Mar,https://pubmed.ncbi.nlm.nih.gov/20089454/,nac_fertilite
22540635,N-Acetylcysteine as an adjuvant to clomiphene citrate for successful induction of ovulation in infertile patients with polycystic ovary syndrome.,The journal of obstetrics and gynaecology research,2012 Sep,https://pubmed.ncbi.nlm.nih.gov/22540635/,nac_fertilite
15705376,N-acetyl-cysteine is a novel adjuvant to clomiphene citrate in clomiphene citrate-resistant patients with polycystic ovary syndrome.,Fertility and sterility,2005 Feb,https://pubmed.ncbi.nlm.nih.gov/15705376/,nac_fertilite
21744744,Effects of myo-inositol supplementation on oocyte's quality in PCOS patients: a double blind trial.,European review for medical and pharmacological sciences,2011 May,https://pubmed.ncbi.nlm.nih.gov/21744744/,myo_inositol_fertilite
32542134,Myo-Inositol's Role in Assisted Reproductive Technology: Evidence for Improving the Quality of Oocytes and Embryos in Patients With Polycystic Ovary Syndrome.,Cureus,2020 May 12,https://pubmed.ncbi.nlm.nih.gov/32542134/,myo_inositol_fertilite
42451096,Effect of Myo-Inositol Supplementation in Polycystic Ovary Syndrome-Scoping Review.,Nutrients,2026 Jun 26,https://pubmed.ncbi.nlm.nih.gov/42451096/,myo_inositol_fertilite
33468143,Impact of myo-inositol treatment in women with polycystic ovary syndrome in assisted reproductive technologies.,Reproductive health,2021 Jan 19,https://pubmed.ncbi.nlm.nih.gov/33468143/,myo_inositol_fertilite
33877679,The effects of myo-inositol vs. metformin on the ovarian function in the polycystic ovary syndrome: a systematic review and meta-analysis.,European review for medical and pharmacological sciences,2021 Apr,https://pubmed.ncbi.nlm.nih.gov/33877679/,myo_inositol_fertilite
39579343,Pyrroloquinoline-quinone supplementation restores ovarian function and oocyte quality in a mouse model of advanced maternal age†.,Biology of reproduction,2025 Feb 14,https://pubmed.ncbi.nlm.nih.gov/39579343/,pqq_fertilite
42226245,Pyrroloquinoline quinone protects heat-stressed porcine oocytes and improves early embryonic development via maintaining mitochondrial integrity and redox homeostasis.,Biology direct,2026 May 31,https://pubmed.ncbi.nlm.nih.gov/42226245/,pqq_fertilite
33385538,Adverse effect of superoxide-induced mitochondrial damage in granulosa cells on follicular development in mouse ovaries.,Free radical biology & medicine,2021 Feb 1,https://pubmed.ncbi.nlm.nih.gov/33385538/,pqq_fertilite
42500134,Serum anti-Müllerian hormone response to pyrroloquinoline quinone supplementation in healthy women: no overall change and exploratory subgroup findings.,Frontiers in endocrinology,2026,https://pubmed.ncbi.nlm.nih.gov/42500134/,pqq_fertilite
30480773,Omega-3 fatty acid addition during pregnancy.,The Cochrane database of systematic reviews,2018 Nov 15,https://pubmed.ncbi.nlm.nih.gov/30480773/,omega3_dha_grossesse
33255561,Maternal Docosahexaenoic Acid Status during Pregnancy and Its Impact on Infant Neurodevelopment.,Nutrients,2020 Nov 25,https://pubmed.ncbi.nlm.nih.gov/33255561/,omega3_dha_grossesse
39396702,Maternal high-dose docosahexaenoic acid supplementation and neurodevelopment at 5 Years of preterm children.,Clinical nutrition ESPEN,2024 Dec,https://pubmed.ncbi.nlm.nih.gov/39396702/,omega3_dha_grossesse
38061271,Arachidonic and docosahexaenoic acid supplementation and brain maturation in preterm infants; a double blind RCT.,"Clinical nutrition (Edinburgh, Scotland)",2024 Jan,https://pubmed.ncbi.nlm.nih.gov/38061271/,omega3_dha_grossesse
28599630,Omega-3 supplementation from pregnancy to postpartum to prevent depressive symptoms: a randomized placebo-controlled trial.,BMC pregnancy and childbirth,2017 Jun 9,https://pubmed.ncbi.nlm.nih.gov/28599630/,omega3_dha_grossesse
36833413,Impact of Advanced Paternal Age on Fertility and Risks of Genetic Disorders in Offspring.,Genes,2023 Feb 14,https://pubmed.ncbi.nlm.nih.gov/36833413/,age_paternel_qualite_sperme
33183337,"Advanced paternal age: effects on sperm parameters, assisted reproduction outcomes and offspring health.",Reproductive biology and endocrinology : RB&E,2020 Nov 13,https://pubmed.ncbi.nlm.nih.gov/33183337/,age_paternel_qualite_sperme
24958072,Delayed fatherhood.,The journal of family planning and reproductive health care,2014 Oct,https://pubmed.ncbi.nlm.nih.gov/24958072/,age_paternel_qualite_sperme
25928123,"Effects of increased paternal age on sperm quality, reproductive outcome and associated epigenetic risks to offspring.",Reproductive biology and endocrinology : RB&E,2015 Apr 19,https://pubmed.ncbi.nlm.nih.gov/25928123/,age_paternel_qualite_sperme
38792276,Advanced Paternal Age in Focus: Unraveling Its Influence on Assisted Reproductive Technology Outcomes.,Journal of clinical medicine,2024 May 7,https://pubmed.ncbi.nlm.nih.gov/38792276/,age_paternel_qualite_sperme
39735741,Endocrine disruptor chemicals exposure and female fertility declining: from pathophysiology to epigenetic risks.,Frontiers in public health,2024,https://pubmed.ncbi.nlm.nih.gov/39735741/,exposition_environnementale
38954374,Environmental factors affecting female fertility.,Endocrine,2024 Oct,https://pubmed.ncbi.nlm.nih.gov/38954374/,exposition_environnementale
36969097,The Minderoo-Monaco Commission on Plastics and Human Health.,Annals of global health,2023,https://pubmed.ncbi.nlm.nih.gov/36969097/,exposition_environnementale
31792807,"Endocrine disrupting chemicals: exposure, effects on human health, mechanism of action, models for testing and strategies for prevention.",Reviews in endocrine & metabolic disorders,2020 Mar,https://pubmed.ncbi.nlm.nih.gov/31792807/,exposition_environnementale
40404936,Endocrine-disrupting chemicals and female reproductive health: a growing concern.,Nature reviews. Endocrinology,2025 Oct,https://pubmed.ncbi.nlm.nih.gov/40404936/,exposition_environnementale
36969097,The Minderoo-Monaco Commission on Plastics and Human Health.,Annals of global health,2023,https://pubmed.ncbi.nlm.nih.gov/36969097/,bpa_phtalates_fertilite
28658707,Environmental Contaminants Affecting Fertility and Somatic Health.,Seminars in reproductive medicine,2017 May,https://pubmed.ncbi.nlm.nih.gov/28658707/,bpa_phtalates_fertilite
25681860,Female exposure to phenols and phthalates and time to pregnancy: the Maternal-Infant Research on Environmental Chemicals (MIREC) Study.,Fertility and sterility,2015 Apr,https://pubmed.ncbi.nlm.nih.gov/25681860/,bpa_phtalates_fertilite
28557831,Female exposure to endocrine disrupting chemicals and fecundity: a review.,Current opinion in obstetrics & gynecology,2017 Aug,https://pubmed.ncbi.nlm.nih.gov/28557831/,bpa_phtalates_fertilite
40724496,Associations Between Endocrine-Disrupting Chemical Exposure and Fertility Outcomes: A Decade of Human Epidemiological Evidence.,"Life (Basel, Switzerland)",2025 Jun 21,https://pubmed.ncbi.nlm.nih.gov/40724496/,bpa_phtalates_fertilite
18032334,Reproductive disorders associated with pesticide exposure.,Journal of agromedicine,2007,https://pubmed.ncbi.nlm.nih.gov/18032334/,pesticides_fertilite
16737536,Pesticide exposure: the hormonal function of the female reproductive system disrupted?,Reproductive biology and endocrinology : RB&E,2006 May 31,https://pubmed.ncbi.nlm.nih.gov/16737536/,pesticides_fertilite
10854122,"Safety evaluation and risk assessment of the herbicide Roundup and its active ingredient, glyphosate, for humans.",Regulatory toxicology and pharmacology : RTP,2000 Apr,https://pubmed.ncbi.nlm.nih.gov/10854122/,pesticides_fertilite
37277402,Acute exposure to organophosphorus pesticide metabolites compromises buffalo sperm function and impairs fertility.,Scientific reports,2023 Jun 5,https://pubmed.ncbi.nlm.nih.gov/37277402/,pesticides_fertilite
40237939,Endocrine-disrupting pesticide exposure relevant to reproductive health: a case study from Costa Rica.,Environmental monitoring and assessment,2025 Apr 16,https://pubmed.ncbi.nlm.nih.gov/40237939/,pesticides_fertilite
40217240,Environmental pollution and human fertility: investigating the relationship between PM2.5 exposure and assisted reproductive technology outcomes.,BMC public health,2025 Apr 11,https://pubmed.ncbi.nlm.nih.gov/40217240/,pollution_air_fertilite
31504508,Ambient air pollution and in vitro fertilization treatment outcomes.,"Human reproduction (Oxford, England)",2019 Oct 2,https://pubmed.ncbi.nlm.nih.gov/31504508/,pollution_air_fertilite
40897385,Fine particulate matter exposure and sperm DNA fragmentation in US men: a spatial cross-sectional study.,"Human reproduction (Oxford, England)",2025 Oct 1,https://pubmed.ncbi.nlm.nih.gov/40897385/,pollution_air_fertilite
38980674,Prenatal Exposure to Ambient Air Pollution and Cerebral Palsy.,JAMA network open,2024 Jul 1,https://pubmed.ncbi.nlm.nih.gov/38980674/,pollution_air_fertilite
34615529,The effect of short term exposure to outdoor air pollution on fertility.,Reproductive biology and endocrinology : RB&E,2021 Oct 6,https://pubmed.ncbi.nlm.nih.gov/34615529/,pollution_air_fertilite
38973553,Effectiveness of digital health interventions on adherence and control of hypertension: a systematic review and meta-analysis.,Journal of hypertension,2024 Sep 1,https://pubmed.ncbi.nlm.nih.gov/38973553/,tension_arterielle
34565172,Effects of Lifestyle Modification on Patients With Resistant Hypertension: Results of the TRIUMPH Randomized Clinical Trial.,Circulation,2021 Oct 12,https://pubmed.ncbi.nlm.nih.gov/34565172/,tension_arterielle
39037780,Medications for Obesity: A Review.,JAMA,2024 Aug 20,https://pubmed.ncbi.nlm.nih.gov/39037780/,tension_arterielle
38886740,Effects of DASH diet with or without time-restricted eating in the management of stage 1 primary hypertension: a randomized controlled trial.,Nutrition journal,2024 Jun 17,https://pubmed.ncbi.nlm.nih.gov/38886740/,tension_arterielle
32392715,"Impact of Intensive Lifestyle Treatment (Diet Plus Exercise) on Endothelial and Vascular Function, Arterial Stiffness and Blood Pressure in Stage 1 Hypertension: Results of the HINTreat Randomized Controlled Trial.",Nutrients,2020 May 7,https://pubmed.ncbi.nlm.nih.gov/32392715/,tension_arterielle
36549296,Effect of alternate day fasting combined with aerobic exercise on non-alcoholic fatty liver disease: A randomized controlled trial.,Cell metabolism,2023 Jan 3,https://pubmed.ncbi.nlm.nih.gov/36549296/,foie_gras_steatose
35927921,Childhood Obesity: An Updated Review.,Current pediatric reviews,2024,https://pubmed.ncbi.nlm.nih.gov/35927921/,foie_gras_steatose
39412049,Vitamin E for people with non-alcoholic fatty liver disease.,The Cochrane database of systematic reviews,2024 Oct 16,https://pubmed.ncbi.nlm.nih.gov/39412049/,foie_gras_steatose
35947894,The effectiveness and acceptability of Mediterranean diet and calorie restriction in non-alcoholic fatty liver disease (NAFLD): A systematic review and meta-analysis.,"Clinical nutrition (Edinburgh, Scotland)",2022 Sep,https://pubmed.ncbi.nlm.nih.gov/35947894/,foie_gras_steatose
26057287,Nonalcoholic fatty liver disease: a systematic review.,JAMA,2015 Jun 9,https://pubmed.ncbi.nlm.nih.gov/26057287/,foie_gras_steatose
11832527,Reduction in the incidence of type 2 diabetes with lifestyle intervention or metformin.,The New England journal of medicine,2002 Feb 7,https://pubmed.ncbi.nlm.nih.gov/11832527/,diabete_type2
31683759,Prevention of Type 2 Diabetes by Lifestyle Changes: A Systematic Review and Meta-Analysis.,Nutrients,2019 Nov 1,https://pubmed.ncbi.nlm.nih.gov/31683759/,diabete_type2
39305340,"A whole-food, plant-based intensive lifestyle intervention improves glycaemic control and reduces medications in individuals with type 2 diabetes: a randomised controlled trial.",Diabetologia,2025 Feb,https://pubmed.ncbi.nlm.nih.gov/39305340/,diabete_type2
25935570,Lifestyle weight-loss intervention outcomes in overweight and obese adults with type 2 diabetes: a systematic review and meta-analysis of randomized clinical trials.,Journal of the Academy of Nutrition and Dietetics,2015 Sep,https://pubmed.ncbi.nlm.nih.gov/25935570/,diabete_type2
11333990,Prevention of type 2 diabetes mellitus by changes in lifestyle among subjects with impaired glucose tolerance.,The New England journal of medicine,2001 May 3,https://pubmed.ncbi.nlm.nih.gov/11333990/,diabete_type2
39142111,"Effect of high plant protein/peptide nutrition supplementation on knee osteoarthritis in older adults with sarcopenia: A randomized, double-blind, placebo-controlled trial.","Clinical nutrition (Edinburgh, Scotland)",2024 Sep,https://pubmed.ncbi.nlm.nih.gov/39142111/,arthrose
40664872,Effects of cartilage-supporting nutritional supplementation on knee osteoarthritis symptoms and quality of life in a 12-week randomized double-blind placebo-controlled pilot study.,Scientific reports,2025 Jul 15,https://pubmed.ncbi.nlm.nih.gov/40664872/,arthrose
39475935,"Effects of a feed supplement, containing undenatured type II collagen (UC II®) and Boswellia Serrata, in the management of mild/moderate mobility disorders in dogs: A randomized, double-blind, placebo controlled, cross-over study.",PloS one,2024,https://pubmed.ncbi.nlm.nih.gov/39475935/,arthrose
35171954,"Efficacy of a dietary supplement in dogs with osteoarthritis: A randomized placebo-controlled, double-blind clinical trial.",PloS one,2022,https://pubmed.ncbi.nlm.nih.gov/35171954/,arthrose
32940053,Prebiotic and Exercise Do Not Alter Knee Osteoarthritis in a Rat Model of Established Obesity.,Cartilage,2021 Dec,https://pubmed.ncbi.nlm.nih.gov/32940053/,arthrose
41030267,"Nutrition and diet in rheumatoid arthritis, axial spondyloarthritis, and psoriatic arthritis: a systematic review.",Frontiers in medicine,2025,https://pubmed.ncbi.nlm.nih.gov/41030267/,arthrite
38829018,Environment and arthritis.,Clinical and experimental rheumatology,2024 Jul,https://pubmed.ncbi.nlm.nih.gov/38829018/,arthrite
33485336,Diet intervention improves cardiovascular profile in patients with rheumatoid arthritis: results from the randomized controlled cross-over trial ADIRA.,Nutrition journal,2021 Jan 23,https://pubmed.ncbi.nlm.nih.gov/33485336/,arthrite
39981557,"A Randomized, Crossover Trial of a Nutritional Intervention for Rheumatoid Arthritis.",American journal of lifestyle medicine,2025 Feb,https://pubmed.ncbi.nlm.nih.gov/39981557/,arthrite
19160281,Dietary interventions for rheumatoid arthritis.,The Cochrane database of systematic reviews,2009 Jan 21,https://pubmed.ncbi.nlm.nih.gov/19160281/,arthrite
